Sample_No,Age,Error_Plus,Error_Minus,Age_Method,Age_Interpretation,Age_Note,Age_Material,Age_Technique,Age_Qualifier,Geological_Province,Province,Latitude,Longitude,Location,Geological_Info,Rock_Type,Rock_Description,References
G14-4,995,16,16,Ar/Ar,Cooling,[audit 2026-10: errors converted published 1σ to 2σ (x2)],Hornblende,Ar Furnace-Step,Direct,Grenville Province,ON,,,Central Metasedimentary Belt,"Central Metasedimentary Belt, Bancroft Terrane",Metamorphic,,"Berger, G. W., & York, D. (1981). Geothermometry from 40Ar39Ar dating experiments. Geochimica et Cosmochimica Acta, 45(6), 795-811."
G21-113,971,16,16,Ar/Ar,Cooling,[audit 2026-10: errors converted published 1σ to 2σ (x2)],Hornblende,Ar Furnace-Step,Direct,Grenville Province,ON,44.84,-78.31,Central Metasedimentary Belt,"Central Metasedimentary Belt, Bancroft Terrane",Metamorphic,,"Berger, G. W., & York, D. (1981). Geothermometry from 40Ar39Ar dating experiments. Geochimica et Cosmochimica Acta, 45(6), 795-811."
G16-25,998,14,14,Ar/Ar,Cooling,[audit 2026-10: errors converted published 1σ to 2σ (x2)],Hornblende,Ar Furnace-Step,Direct,Grenville Province,ON,44.84,-78.31,Central Metasedimentary Belt,"Central Metasedimentary Belt, Bancroft Terrane",Metamorphic,,"Berger, G. W., & York, D. (1981). Geothermometry from 40Ar39Ar dating experiments. Geochimica et Cosmochimica Acta, 45(6), 795-811."
B12-415,988,18,18,Ar/Ar,Cooling,[audit 2026-10: errors converted published 1σ to 2σ (x2)],Hornblende,Ar Furnace-Step,Direct,Grenville Province,ON,,,Central Metasedimentary Belt,"Central Metasedimentary Belt, Bancroft Terrane",Metamorphic,,"Berger, G. W., & York, D. (1981). Geothermometry from 40Ar39Ar dating experiments. Geochimica et Cosmochimica Acta, 45(6), 795-811."
B2-149,965.8,15.2,15.2,Ar/Ar,Cooling,[audit 2026-10: errors converted published 1σ to 2σ (x2)],Hornblende,Ar Furnace-Step,Direct,Grenville Province,ON,,,Central Metasedimentary Belt,"Central Metasedimentary Belt, Bancroft Terrane",Metamorphic,,"Berger, G. W., & York, D. (1981). Geothermometry from 40Ar39Ar dating experiments. Geochimica et Cosmochimica Acta, 45(6), 795-811."
B5-139,985,16,16,Ar/Ar,Cooling,[audit 2026-10: errors converted published 1σ to 2σ (x2)],Hornblende,Ar Furnace-Step,Direct,Grenville Province,ON,,,Central Metasedimentary Belt,"Central Metasedimentary Belt, Bancroft Terrane",Metamorphic,,"Berger, G. W., & York, D. (1981). Geothermometry from 40Ar39Ar dating experiments. Geochimica et Cosmochimica Acta, 45(6), 795-811."
D1-190,909,14,14,Ar/Ar,Cooling,[audit 2026-10: errors converted published 1σ to 2σ (x2)],Biotite,Ar Furnace-Step,Direct,Grenville Province,ON,,,Central Metasedimentary Belt,"Central Metasedimentary Belt, Bancroft Terrane",Metamorphic,,"Berger, G. W., & York, D. (1981). Geothermometry from 40Ar39Ar dating experiments. Geochimica et Cosmochimica Acta, 45(6), 795-811."
B12-415,916,14.4,14.4,Ar/Ar,Cooling,[audit 2026-10: errors converted published 1σ to 2σ (x2)],Biotite,Ar Furnace-Step,Direct,Grenville Province,ON,,,Central Metasedimentary Belt,"Central Metasedimentary Belt, Bancroft Terrane",Metamorphic,,"Berger, G. W., & York, D. (1981). Geothermometry from 40Ar39Ar dating experiments. Geochimica et Cosmochimica Acta, 45(6), 795-811."
B2-149,898,14.2,14.2,Ar/Ar,Cooling,[audit 2026-10: errors converted published 1σ to 2σ (x2)],Biotite,Ar Furnace-Step,Direct,Grenville Province,ON,,,Central Metasedimentary Belt,"Central Metasedimentary Belt, Bancroft Terrane",Metamorphic,,"Berger, G. W., & York, D. (1981). Geothermometry from 40Ar39Ar dating experiments. Geochimica et Cosmochimica Acta, 45(6), 795-811."
G4-22,905.6,12.2,12.2,Ar/Ar,Cooling,[audit 2026-10: errors converted published 1σ to 2σ (x2)],Biotite,Ar Furnace-Step,Direct,Grenville Province,ON,44.84,-78.31,Central Metasedimentary Belt,"Central Metasedimentary Belt, Bancroft Terrane",Metamorphic,,"Berger, G. W., & York, D. (1981). Geothermometry from 40Ar39Ar dating experiments. Geochimica et Cosmochimica Acta, 45(6), 795-811."
G16-25,955,13.8,13.8,Ar/Ar,Cooling,[audit 2026-10: errors converted published 1σ to 2σ (x2)],Biotite,Ar Furnace-Step,Direct,Grenville Province,ON,,,Central Metasedimentary Belt,"Central Metasedimentary Belt, Bancroft Terrane",Metamorphic,,"Berger, G. W., & York, D. (1981). Geothermometry from 40Ar39Ar dating experiments. Geochimica et Cosmochimica Acta, 45(6), 795-811."
B2-149,807.3,13,13,Ar/Ar,Cooling,[audit 2026-10: errors converted published 1σ to 2σ (x2)],K-Feldspar,Ar Furnace-Step,Direct,Grenville Province,ON,,,Central Metasedimentary Belt,"Central Metasedimentary Belt, Bancroft Terrane",Metamorphic,,"Berger, G. W., & York, D. (1981). Geothermometry from 40Ar39Ar dating experiments. Geochimica et Cosmochimica Acta, 45(6), 795-811."