Sample_No,Age,Error_Plus,Error_Minus,Age_Method,Age_Interpretation,Age_Note,Age_Material,Age_Technique,Age_Qualifier,Geological_Province,Province,Latitude,Longitude,Location,Geological_Info,Rock_Type,Rock_Description,References,min_effective_radius,max_effective_radius
2033-D,992.4,7.2,7.2,U/Pb,Metamorphic,[audit 2026-10: errors restored published 2σ (compiled values were 2σ/2)],Zircon,TIMS,Direct,Grenville Province,QC,47.53623,-70.42846,St. Urbain anorthosite,Saint-Urbain anorthosite,Plutonic,,"Morisset, C. E., Scoates, J. S., Weis, D., & Friedman, R. M. (2009). U–Pb and 40Ar/39Ar geochronology of the Saint-Urbain and Lac Allard (Havre-Saint-Pierre) anorthosites and their associated Fe–Ti oxide ores, Québec: Evidence for emplacement and slow cooling during the collisional Ottawan orogeny in the Grenville Province. Precambrian Research, 174(1-2), 95-116.",38,42
2006-C2,1053.6,2.6,2.6,U/Pb,Metamorphic,[audit 2026-10: errors restored published 2σ (compiled values were 2σ/2)],Zircon,TIMS,Direct,Grenville Province,QC,47.54216,-70.56589,St. Urbain anorthosite,Saint-Urbain anorthosite,Plutonic,Anorthosite,"Morisset, C. E., Scoates, J. S., Weis, D., & Friedman, R. M. (2009). U–Pb and 40Ar/39Ar geochronology of the Saint-Urbain and Lac Allard (Havre-Saint-Pierre) anorthosites and their associated Fe–Ti oxide ores, Québec: Evidence for emplacement and slow cooling during the collisional Ottawan orogeny in the Grenville Province. Precambrian Research, 174(1-2), 95-116.",35,85
2042-A,1046.2,3.1,3.1,U/Pb,Metamorphic,[audit 2026-10: errors restored published 2σ (compiled values were 2σ/2)],Zircon,TIMS,Direct,Grenville Province,QC,47.63904,-70.60647,St. Urbain anorthosite,Saint-Urbain anorthosite,Plutonic,Leuconorite,"Morisset, C. E., Scoates, J. S., Weis, D., & Friedman, R. M. (2009). U–Pb and 40Ar/39Ar geochronology of the Saint-Urbain and Lac Allard (Havre-Saint-Pierre) anorthosites and their associated Fe–Ti oxide ores, Québec: Evidence for emplacement and slow cooling during the collisional Ottawan orogeny in the Grenville Province. Precambrian Research, 174(1-2), 95-116.",30,125
2043-A,1055,2.4,2.4,U/Pb,Metamorphic,[audit 2026-10: errors restored published 2σ (compiled values were 2σ/2)],Zircon,TIMS,Direct,Grenville Province,QC,47.67147,-70.60452,St. Urbain anorthosite,Saint-Urbain anorthosite,Plutonic,Anorthosite,"Morisset, C. E., Scoates, J. S., Weis, D., & Friedman, R. M. (2009). U–Pb and 40Ar/39Ar geochronology of the Saint-Urbain and Lac Allard (Havre-Saint-Pierre) anorthosites and their associated Fe–Ti oxide ores, Québec: Evidence for emplacement and slow cooling during the collisional Ottawan orogeny in the Grenville Province. Precambrian Research, 174(1-2), 95-116.",25,70
2020,1057.4,1.5,1.5,U/Pb,Metamorphic,[audit 2026-10: errors restored published 2σ (compiled values were 2σ/2)],Zircon,TIMS,Direct,Grenville Province,QC,47.70893,-70.66931,St. Urbain anorthosite,Saint-Urbain anorthosite,Plutonic,Oxide-apatite gabbronorite,"Morisset, C. E., Scoates, J. S., Weis, D., & Friedman, R. M. (2009). U–Pb and 40Ar/39Ar geochronology of the Saint-Urbain and Lac Allard (Havre-Saint-Pierre) anorthosites and their associated Fe–Ti oxide ores, Québec: Evidence for emplacement and slow cooling during the collisional Ottawan orogeny in the Grenville Province. Precambrian Research, 174(1-2), 95-116.",20,160
2023,1060.8,2.8,2.8,U/Pb,Metamorphic,[audit 2026-10: errors restored published 2σ (compiled values were 2σ/2)],Zircon,TIMS,Direct,Grenville Province,QC,47.41849,-70.74927,St. Urbain anorthosite,Saint-Urbain anorthosite,Plutonic,orthopyroxene-granodiorite,"Morisset, C. E., Scoates, J. S., Weis, D., & Friedman, R. M. (2009). U–Pb and 40Ar/39Ar geochronology of the Saint-Urbain and Lac Allard (Havre-Saint-Pierre) anorthosites and their associated Fe–Ti oxide ores, Québec: Evidence for emplacement and slow cooling during the collisional Ottawan orogeny in the Grenville Province. Precambrian Research, 174(1-2), 95-116.",30,75
2006-G1,908.3,1.1,1.1,U/Pb,Cooling,[audit 2026-10: errors restored published 2σ (compiled values were 2σ/2)],Rutile,TIMS,Direct,Grenville Province,QC,47.53964,-70.56791,St. Urbain anorthosite,Saint-Urbain anorthosite,Plutonic,,"Morisset, C. E., Scoates, J. S., Weis, D., & Friedman, R. M. (2009). U–Pb and 40Ar/39Ar geochronology of the Saint-Urbain and Lac Allard (Havre-Saint-Pierre) anorthosites and their associated Fe–Ti oxide ores, Québec: Evidence for emplacement and slow cooling during the collisional Ottawan orogeny in the Grenville Province. Precambrian Research, 174(1-2), 95-116.",50,100
2015-B4,903,11,11,U/Pb,Cooling,[audit 2026-10: errors restored published 2σ (compiled values were 2σ/2)],Rutile,TIMS,Direct,Grenville Province,QC,47.53536,-70.55539,St. Urbain anorthosite,Saint-Urbain anorthosite,Plutonic,,"Morisset, C. E., Scoates, J. S., Weis, D., & Friedman, R. M. (2009). U–Pb and 40Ar/39Ar geochronology of the Saint-Urbain and Lac Allard (Havre-Saint-Pierre) anorthosites and their associated Fe–Ti oxide ores, Québec: Evidence for emplacement and slow cooling during the collisional Ottawan orogeny in the Grenville Province. Precambrian Research, 174(1-2), 95-116.",150,200
2030-B2,914.1,3,3,U/Pb,Cooling,[audit 2026-10: errors restored published 2σ (compiled values were 2σ/2)],Rutile,TIMS,Direct,Grenville Province,QC,47.53712,-70.55521,St. Urbain anorthosite,Saint-Urbain anorthosite,Plutonic,,"Morisset, C. E., Scoates, J. S., Weis, D., & Friedman, R. M. (2009). U–Pb and 40Ar/39Ar geochronology of the Saint-Urbain and Lac Allard (Havre-Saint-Pierre) anorthosites and their associated Fe–Ti oxide ores, Québec: Evidence for emplacement and slow cooling during the collisional Ottawan orogeny in the Grenville Province. Precambrian Research, 174(1-2), 95-116.",50,100
2033-D,941,39,39,U/Pb,Cooling,[audit 2026-10: errors restored published 2σ (compiled values were 2σ/2)],Rutile,TIMS,Direct,Grenville Province,QC,47.5345,-70.56128,St. Urbain anorthosite,Saint-Urbain anorthosite,Plutonic,Seminaire deposite,"Morisset, C. E., Scoates, J. S., Weis, D., & Friedman, R. M. (2009). U–Pb and 40Ar/39Ar geochronology of the Saint-Urbain and Lac Allard (Havre-Saint-Pierre) anorthosites and their associated Fe–Ti oxide ores, Québec: Evidence for emplacement and slow cooling during the collisional Ottawan orogeny in the Grenville Province. Precambrian Research, 174(1-2), 95-116.",50,100
2006-B4,931.3,4.8,4.8,Ar/Ar,Cooling,[audit 2026-10: errors restored published 2σ (compiled values were 2σ/2)],Biotite,Ar Furnace-Step,Direct,Grenville Province,QC,47.49475,-70.56529,St. Urbain anorthosite,Saint-Urbain anorthosite,Plutonic,,"Morisset, C. E., Scoates, J. S., Weis, D., & Friedman, R. M. (2009). U–Pb and 40Ar/39Ar geochronology of the Saint-Urbain and Lac Allard (Havre-Saint-Pierre) anorthosites and their associated Fe–Ti oxide ores, Québec: Evidence for emplacement and slow cooling during the collisional Ottawan orogeny in the Grenville Province. Precambrian Research, 174(1-2), 95-116.",1000,2500
2006-C4,886.7,5.4,5.4,Ar/Ar,Cooling,[audit 2026-10: errors restored published 2σ (compiled values were 2σ/2)],Biotite,Ar Furnace-Step,Direct,Grenville Province,QC,47.54216,-70.56689,St. Urbain anorthosite,Saint-Urbain anorthosite,Plutonic,,"Morisset, C. E., Scoates, J. S., Weis, D., & Friedman, R. M. (2009). U–Pb and 40Ar/39Ar geochronology of the Saint-Urbain and Lac Allard (Havre-Saint-Pierre) anorthosites and their associated Fe–Ti oxide ores, Québec: Evidence for emplacement and slow cooling during the collisional Ottawan orogeny in the Grenville Province. Precambrian Research, 174(1-2), 95-116.",3000,3000
2015-A4,892.2,4.7,4.7,Ar/Ar,Cooling,[audit 2026-10: errors restored published 2σ (compiled values were 2σ/2)],Biotite,Ar Furnace-Step,Direct,Grenville Province,QC,47.53537,-70.55482,St. Urbain anorthosite,Saint-Urbain anorthosite,Plutonic,,"Morisset, C. E., Scoates, J. S., Weis, D., & Friedman, R. M. (2009). U–Pb and 40Ar/39Ar geochronology of the Saint-Urbain and Lac Allard (Havre-Saint-Pierre) anorthosites and their associated Fe–Ti oxide ores, Québec: Evidence for emplacement and slow cooling during the collisional Ottawan orogeny in the Grenville Province. Precambrian Research, 174(1-2), 95-116.",500,1000
2033-A2,900.4,4.8,4.8,Ar/Ar,Cooling,[audit 2026-10: errors restored published 2σ (compiled values were 2σ/2)],Biotite,Ar Furnace-Step,Direct,Grenville Province,QC,47.53457,-70.56115,St. Urbain anorthosite,Saint-Urbain anorthosite,Plutonic,,"Morisset, C. E., Scoates, J. S., Weis, D., & Friedman, R. M. (2009). U–Pb and 40Ar/39Ar geochronology of the Saint-Urbain and Lac Allard (Havre-Saint-Pierre) anorthosites and their associated Fe–Ti oxide ores, Québec: Evidence for emplacement and slow cooling during the collisional Ottawan orogeny in the Grenville Province. Precambrian Research, 174(1-2), 95-116.",3000,3000
2033-D,885.8,4.6,4.6,Ar/Ar,Cooling,[audit 2026-10: errors restored published 2σ (compiled values were 2σ/2)],Biotite,Ar Furnace-Step,Direct,Grenville Province,QC,47.53623,-70.42846,St. Urbain anorthosite,Saint-Urbain anorthosite,Plutonic,,"Morisset, C. E., Scoates, J. S., Weis, D., & Friedman, R. M. (2009). U–Pb and 40Ar/39Ar geochronology of the Saint-Urbain and Lac Allard (Havre-Saint-Pierre) anorthosites and their associated Fe–Ti oxide ores, Québec: Evidence for emplacement and slow cooling during the collisional Ottawan orogeny in the Grenville Province. Precambrian Research, 174(1-2), 95-116.",700,850
2036-B1B,875.7,4.5,4.5,Ar/Ar,Cooling,[audit 2026-10: errors restored published 2σ (compiled values were 2σ/2)],Biotite,Ar Furnace-Step,Direct,Grenville Province,QC,47.54501,-70.55316,St. Urbain anorthosite,Saint-Urbain anorthosite,Plutonic,,"Morisset, C. E., Scoates, J. S., Weis, D., & Friedman, R. M. (2009). U–Pb and 40Ar/39Ar geochronology of the Saint-Urbain and Lac Allard (Havre-Saint-Pierre) anorthosites and their associated Fe–Ti oxide ores, Québec: Evidence for emplacement and slow cooling during the collisional Ottawan orogeny in the Grenville Province. Precambrian Research, 174(1-2), 95-116.",450,700
2015-A4,884.4,5.4,5.4,Ar/Ar,Cooling,[audit 2026-10: errors restored published 2σ (compiled values were 2σ/2)],Plagioclase,Ar Furnace-Step,Direct,Grenville Province,QC,47.53537,-70.55482,St. Urbain anorthosite,Saint-Urbain anorthosite,Plutonic,,"Morisset, C. E., Scoates, J. S., Weis, D., & Friedman, R. M. (2009). U–Pb and 40Ar/39Ar geochronology of the Saint-Urbain and Lac Allard (Havre-Saint-Pierre) anorthosites and their associated Fe–Ti oxide ores, Québec: Evidence for emplacement and slow cooling during the collisional Ottawan orogeny in the Grenville Province. Precambrian Research, 174(1-2), 95-116.",100,500
2033-D,860.3,8.3,8.3,Ar/Ar,Cooling,[audit 2026-10: errors restored published 2σ (compiled values were 2σ/2)],Plagioclase,Ar Furnace-Step,Direct,Grenville Province,QC,47.5345,-70.56128,St. Urbain anorthosite,Saint-Urbain anorthosite,Plutonic,,"Morisset, C. E., Scoates, J. S., Weis, D., & Friedman, R. M. (2009). U–Pb and 40Ar/39Ar geochronology of the Saint-Urbain and Lac Allard (Havre-Saint-Pierre) anorthosites and their associated Fe–Ti oxide ores, Québec: Evidence for emplacement and slow cooling during the collisional Ottawan orogeny in the Grenville Province. Precambrian Research, 174(1-2), 95-116.",250,500
2042-A,873.4,5.4,5.4,Ar/Ar,Cooling,[audit 2026-10: errors restored published 2σ (compiled values were 2σ/2)],Plagioclase,Ar Furnace-Step,Direct,Grenville Province,QC,47.63904,-70.60647,St. Urbain anorthosite,Saint-Urbain anorthosite,Plutonic,,"Morisset, C. E., Scoates, J. S., Weis, D., & Friedman, R. M. (2009). U–Pb and 40Ar/39Ar geochronology of the Saint-Urbain and Lac Allard (Havre-Saint-Pierre) anorthosites and their associated Fe–Ti oxide ores, Québec: Evidence for emplacement and slow cooling during the collisional Ottawan orogeny in the Grenville Province. Precambrian Research, 174(1-2), 95-116.",380,800
2102,1052.9,6.5,6.5,U/Pb,Metamorphic,[audit 2026-10: errors restored published 2σ (compiled values were 2σ/2)],Zircon,TIMS,Direct,Grenville Province,QC,50.45247,-69.69689,Lac Allard anorthsoite,Havre-Saint-Pierre anorthosite (Lac Allard lobe),Plutonic,Big Island deposite,"Morisset, C. E., Scoates, J. S., Weis, D., & Friedman, R. M. (2009). U–Pb and 40Ar/39Ar geochronology of the Saint-Urbain and Lac Allard (Havre-Saint-Pierre) anorthosites and their associated Fe–Ti oxide ores, Québec: Evidence for emplacement and slow cooling during the collisional Ottawan orogeny in the Grenville Province. Precambrian Research, 174(1-2), 95-116.",50,200
2114-B,1061.6,3,3,U/Pb,Metamorphic,[audit 2026-10: errors restored published 2σ (compiled values were 2σ/2)],Zircon,TIMS,Direct,Grenville Province,QC,50.4508,-69.69812,Lac Allard anorthsoite,Havre-Saint-Pierre anorthosite (Lac Allard lobe),Plutonic,Anorthosite,"Morisset, C. E., Scoates, J. S., Weis, D., & Friedman, R. M. (2009). U–Pb and 40Ar/39Ar geochronology of the Saint-Urbain and Lac Allard (Havre-Saint-Pierre) anorthosites and their associated Fe–Ti oxide ores, Québec: Evidence for emplacement and slow cooling during the collisional Ottawan orogeny in the Grenville Province. Precambrian Research, 174(1-2), 95-116.",70,145
2123-B,1057.4,5.7,5.7,U/Pb,Metamorphic,[audit 2026-10: errors restored published 2σ (compiled values were 2σ/2)],Zircon,TIMS,Direct,Grenville Province,QC,50.45174,-69.70053,Lac Allard anorthsoite,Havre-Saint-Pierre anorthosite (Lac Allard lobe),Plutonic,Anorthosite,"Morisset, C. E., Scoates, J. S., Weis, D., & Friedman, R. M. (2009). U–Pb and 40Ar/39Ar geochronology of the Saint-Urbain and Lac Allard (Havre-Saint-Pierre) anorthosites and their associated Fe–Ti oxide ores, Québec: Evidence for emplacement and slow cooling during the collisional Ottawan orogeny in the Grenville Province. Precambrian Research, 174(1-2), 95-116.",30,75
2132,1060.5,1.9,1.9,U/Pb,Metamorphic,[audit 2026-10: errors restored published 2σ (compiled values were 2σ/2)],Zircon,TIMS,Direct,Grenville Province,QC,50.55331,-69.39478,Lac Allard anorthsoite,Havre-Saint-Pierre anorthosite (Lac Allard lobe),Plutonic,Anorthosite,"Morisset, C. E., Scoates, J. S., Weis, D., & Friedman, R. M. (2009). U–Pb and 40Ar/39Ar geochronology of the Saint-Urbain and Lac Allard (Havre-Saint-Pierre) anorthosites and their associated Fe–Ti oxide ores, Québec: Evidence for emplacement and slow cooling during the collisional Ottawan orogeny in the Grenville Province. Precambrian Research, 174(1-2), 95-116.",45,55
2104-D,943,25,25,U/Pb,Cooling,[audit 2026-10: errors restored published 2σ (compiled values were 2σ/2)],Rutile,TIMS,Direct,Grenville Province,QC,50.45247,-69.69661,Lac Allard anorthsoite,Havre-Saint-Pierre anorthosite (Lac Allard lobe),Plutonic,,"Morisset, C. E., Scoates, J. S., Weis, D., & Friedman, R. M. (2009). U–Pb and 40Ar/39Ar geochronology of the Saint-Urbain and Lac Allard (Havre-Saint-Pierre) anorthosites and their associated Fe–Ti oxide ores, Québec: Evidence for emplacement and slow cooling during the collisional Ottawan orogeny in the Grenville Province. Precambrian Research, 174(1-2), 95-116.",50,100
2109-A,926,32,32,U/Pb,Cooling,[audit 2026-10: errors restored published 2σ (compiled values were 2σ/2)],Rutile,TIMS,Direct,Grenville Province,QC,50.45262,-69.69519,Lac Allard anorthsoite,Havre-Saint-Pierre anorthosite (Lac Allard lobe),Plutonic,,"Morisset, C. E., Scoates, J. S., Weis, D., & Friedman, R. M. (2009). U–Pb and 40Ar/39Ar geochronology of the Saint-Urbain and Lac Allard (Havre-Saint-Pierre) anorthosites and their associated Fe–Ti oxide ores, Québec: Evidence for emplacement and slow cooling during the collisional Ottawan orogeny in the Grenville Province. Precambrian Research, 174(1-2), 95-116.",50,100
2103-B3,952.4,8.3,8.3,Ar/Ar,Cooling,[audit 2026-10: errors restored published 2σ (compiled values were 2σ/2)],Biotite,Ar Furnace-Step,Direct,Grenville Province,QC,50.45247,-69.69689,Lac Allard anorthsoite,Havre-Saint-Pierre anorthosite (Lac Allard lobe),Plutonic,,"Morisset, C. E., Scoates, J. S., Weis, D., & Friedman, R. M. (2009). U–Pb and 40Ar/39Ar geochronology of the Saint-Urbain and Lac Allard (Havre-Saint-Pierre) anorthosites and their associated Fe–Ti oxide ores, Québec: Evidence for emplacement and slow cooling during the collisional Ottawan orogeny in the Grenville Province. Precambrian Research, 174(1-2), 95-116.",500,850
2103-B3,913,12,12,Ar/Ar,Cooling,[audit 2026-10: errors restored published 2σ (compiled values were 2σ/2)],Plagioclase,Ar Furnace-Step,Direct,Grenville Province,QC,50.45247,-69.69689,Lac Allard anorthsoite,Havre-Saint-Pierre anorthosite (Lac Allard lobe),Plutonic,,"Morisset, C. E., Scoates, J. S., Weis, D., & Friedman, R. M. (2009). U–Pb and 40Ar/39Ar geochronology of the Saint-Urbain and Lac Allard (Havre-Saint-Pierre) anorthosites and their associated Fe–Ti oxide ores, Québec: Evidence for emplacement and slow cooling during the collisional Ottawan orogeny in the Grenville Province. Precambrian Research, 174(1-2), 95-116.",600,1250