Study_File,Sample_No,Age,Error_Plus,Error_Minus,Age_Method,Age_Interpretation,Age_Note,Age_Material,Age_Technique,Age_Qualifier,Geological_Province,Province,Latitude,Longitude,Location,Geological_Info,Rock_Type,Rock_Description,References,min_effective_radius,max_effective_radius,Action
Berger1981a.csv,B2-149,807.3,13.0,13.0,Ar/Ar,Cooling,[audit 2026-10: errors converted published 1σ to 2σ (x2)],K-Feldspar,Ar Furnace-Step,Direct,Grenville Province,ON,,,Central Metasedimentary Belt,"Central Metasedimentary Belt, Bancroft Terrane",Metamorphic,,"Berger, G. W., & York, D. (1981). Geothermometry from 40Ar39Ar dating experiments. Geochimica et Cosmochimica Acta, 45(6), 795-811.",,,Append existing compiled record omitted from summary
Berger1981b.csv,TH15-86,1202.0,20.0,20.0,Ar/Ar,Direct,[audit 2026-10: errors converted published 1σ to 2σ (x2)],Hornblende,Ar Furnace-Step,,Grenville Province,ON,45.0,-78.0,,,,,"Berger, G. W., & York, D. (1981). 40Ar/39Ar dating of the Thanet gabbro, Ontario: looking through the Grenvillian metamorphic veil and implications for paleomagnetism. Canadian Journal of Earth Sciences, 18(2), 266-273.",,,Append existing compiled record omitted from summary
Berger1981b.csv,TH2-34,1056.0,16.2,16.2,Ar/Ar,Direct,[audit 2026-10: errors converted published 1σ to 2σ (x2)],Hornblende,Ar Furnace-Step,,Grenville Province,ON,45.0,-78.0,,,,,"Berger, G. W., & York, D. (1981). 40Ar/39Ar dating of the Thanet gabbro, Ontario: looking through the Grenvillian metamorphic veil and implications for paleomagnetism. Canadian Journal of Earth Sciences, 18(2), 266-273.",,,Append existing compiled record omitted from summary
Berger1981b.csv,TH15-86,1090.5,15.6,15.6,Ar/Ar,Direct,[audit 2026-10: errors converted published 1σ to 2σ (x2)],Biotite,Ar Furnace-Step,,Grenville Province,ON,45.0,-78.0,,,,,"Berger, G. W., & York, D. (1981). 40Ar/39Ar dating of the Thanet gabbro, Ontario: looking through the Grenvillian metamorphic veil and implications for paleomagnetism. Canadian Journal of Earth Sciences, 18(2), 266-273.",,,Append existing compiled record omitted from summary
Berger1981b.csv,TH15-85,1083.4,15.4,15.4,Ar/Ar,Direct,[audit 2026-10: errors converted published 1σ to 2σ (x2)],Biotite,Ar Furnace-Step,,Grenville Province,ON,45.0,-78.0,,,,,"Berger, G. W., & York, D. (1981). 40Ar/39Ar dating of the Thanet gabbro, Ontario: looking through the Grenvillian metamorphic veil and implications for paleomagnetism. Canadian Journal of Earth Sciences, 18(2), 266-273.",,,Append existing compiled record omitted from summary
Dallmeyer1980a.csv,WA-15,965.0,15.0,15.0,Ar/Ar,Cooling,,Hornblende,Ar Furnace-Step,Direct,Grenville Province,ON,45.66,-79.87,Whitestone diorite,"Central Gneiss Belt, Parry Sound",Plutonic,diorite,"Dallmeyer, R. D., & Sutter, J. F. (1980). Acquisitional chronology of remanent magnetization along the ‘Grenville polar path’: evidence from 40Ar/39Ar ages of hornblende and biotite from the Whitestone diorite, Ontario. Journal of Geophysical Research: Solid Earth, 85(B6), 3177-3186.",,,Append existing compiled record omitted from summary
Dallmeyer1980a.csv,WA-21,991.0,15.0,15.0,Ar/Ar,Cooling,,Hornblende,Ar Furnace-Step,Direct,Grenville Province,ON,45.66,-79.87,Whitestone diorite,"Central Gneiss Belt, Parry Sound",Plutonic,diorite,"Dallmeyer, R. D., & Sutter, J. F. (1980). Acquisitional chronology of remanent magnetization along the ‘Grenville polar path’: evidence from 40Ar/39Ar ages of hornblende and biotite from the Whitestone diorite, Ontario. Journal of Geophysical Research: Solid Earth, 85(B6), 3177-3186.",,,Append existing compiled record omitted from summary
Dallmeyer1980a.csv,WA-15,936.0,15.0,15.0,Ar/Ar,Cooling,,Biotite,Ar Furnace-Step,Direct,Grenville Province,ON,45.66,-79.87,Whitestone diorite,"Central Gneiss Belt, Parry Sound",Plutonic,diorite,"Dallmeyer, R. D., & Sutter, J. F. (1980). Acquisitional chronology of remanent magnetization along the ‘Grenville polar path’: evidence from 40Ar/39Ar ages of hornblende and biotite from the Whitestone diorite, Ontario. Journal of Geophysical Research: Solid Earth, 85(B6), 3177-3186.",,,Append existing compiled record omitted from summary
Dallmeyer1980a.csv,WA-21,960.0,15.0,15.0,Ar/Ar,Cooling,,Biotite,Ar Furnace-Step,Direct,Grenville Province,ON,45.66,-79.87,Whitestone diorite,"Central Gneiss Belt, Parry Sound",Plutonic,diorite,"Dallmeyer, R. D., & Sutter, J. F. (1980). Acquisitional chronology of remanent magnetization along the ‘Grenville polar path’: evidence from 40Ar/39Ar ages of hornblende and biotite from the Whitestone diorite, Ontario. Journal of Geophysical Research: Solid Earth, 85(B6), 3177-3186.",,,Append existing compiled record omitted from summary
Hanes1988a.csv,ESC,899.0,3.0,3.0,Ar/Ar,Cooling,Plateau age,Muscovite,Ar Furnace-Step,,Grenville Province,ON,,,Elzevir,"Central Metasedimentary belt, Elzevir Terrane",,,"Hanes, J. A., Clark, S. J., & Archibald, D. A. (1988). An 40Ar/39Ar geochronological study of the Elzevir batholith and its bearing on the tectonothermal history of the southwestern Grenville Province, Canada. Canadian Journal of Earth Sciences, 25(11), 1834-1845.",,,Append existing compiled record omitted from summary
Hanes1988a.csv,BLSC-61,871.0,19.0,19.0,Ar/Ar,Cooling,Plateau age,Muscovite,Ar Furnace-Step,,Grenville Province,ON,,,Bark Lake,"Central Metasedimentary belt, Bancroft Terrane",,,"Hanes, J. A., Clark, S. J., & Archibald, D. A. (1988). An 40Ar/39Ar geochronological study of the Elzevir batholith and its bearing on the tectonothermal history of the southwestern Grenville Province, Canada. Canadian Journal of Earth Sciences, 25(11), 1834-1845.",,,Append existing compiled record omitted from summary
Hanes1988a.csv,BLSC-61,811.0,4.0,4.0,Ar/Ar,Cooling,Plateau age,K-Feldspar,Ar Furnace-Step,,Grenville Province,ON,,,Bark Lake,"Central Metasedimentary belt, Bancroft Terrane",,,"Hanes, J. A., Clark, S. J., & Archibald, D. A. (1988). An 40Ar/39Ar geochronological study of the Elzevir batholith and its bearing on the tectonothermal history of the southwestern Grenville Province, Canada. Canadian Journal of Earth Sciences, 25(11), 1834-1845.",,,Append existing compiled record omitted from summary
Heizler1998a.csv,1,843.0,2.0,2.0,Ar/Ar,Total Gas Age,[audit 2026-10: errors converted published 1σ to 2σ (x2)],Biotite,Ar Furnace-Step,,Grenville Province,NY,43.27,-73.73333333,"Along Hudson River, 1.5 miles NE of Hartman",Adirondack Highlands,,,"Heizler, M. T., & Harrison, T. M. (1998). The thermal history of the New York basement determined from 40Ar/39Ar K‐feldspar studies. Journal of Geophysical Research: Solid Earth, 103(B12), 29795-29814.",,,Append existing compiled record omitted from summary
Heizler1998a.csv,1,642.0,2.0,2.0,Ar/Ar,Total Gas Age,[audit 2026-10: errors converted published 1σ to 2σ (x2)],K-Feldspar,Ar Furnace-Step,,Grenville Province,NY,43.27,-73.73333333,"Along Hudson River, 1.5 miles NE of Hartman",Adirondack Highlands,,,"Heizler, M. T., & Harrison, T. M. (1998). The thermal history of the New York basement determined from 40Ar/39Ar K‐feldspar studies. Journal of Geophysical Research: Solid Earth, 103(B12), 29795-29814.",,,Append existing compiled record omitted from summary
Heizler1998a.csv,2,746.0,2.0,2.0,Ar/Ar,Total Gas Age,[audit 2026-10: errors converted published 1σ to 2σ (x2)],Biotite,Ar Furnace-Step,,Grenville Province,NY,43.4,-74.71666667,At exit 21 on interstate 87,Adirondack Highlands,,,"Heizler, M. T., & Harrison, T. M. (1998). The thermal history of the New York basement determined from 40Ar/39Ar K‐feldspar studies. Journal of Geophysical Research: Solid Earth, 103(B12), 29795-29814.",,,Append existing compiled record omitted from summary
Heizler1998a.csv,2,426.0,2.0,2.0,Ar/Ar,Total Gas Age,[audit 2026-10: errors converted published 1σ to 2σ (x2)],K-Feldspar,Ar Furnace-Step,,Grenville Province,NY,43.4,-74.71666667,At exit 21 on interstate 88,Adirondack Highlands,,,"Heizler, M. T., & Harrison, T. M. (1998). The thermal history of the New York basement determined from 40Ar/39Ar K‐feldspar studies. Journal of Geophysical Research: Solid Earth, 103(B12), 29795-29814.",,,Append existing compiled record omitted from summary
Heizler1998a.csv,3,859.0,2.0,2.0,Ar/Ar,Total Gas Age,[audit 2026-10: errors converted published 1σ to 2σ (x2)],Biotite,Ar Furnace-Step,,Grenville Province,NY,43.4,-73.73333333,Just W of exit 21 on interstate 87,Adirondack Highlands,,,"Heizler, M. T., & Harrison, T. M. (1998). The thermal history of the New York basement determined from 40Ar/39Ar K‐feldspar studies. Journal of Geophysical Research: Solid Earth, 103(B12), 29795-29814.",,,Append existing compiled record omitted from summary
Heizler1998a.csv,3,586.0,2.0,2.0,Ar/Ar,Total Gas Age,[audit 2026-10: errors converted published 1σ to 2σ (x2)],K-Feldspar,Ar Furnace-Step,,Grenville Province,NY,43.4,-73.73333333,Just W of exit 21 on interstate 88,Adirondack Highlands,,,"Heizler, M. T., & Harrison, T. M. (1998). The thermal history of the New York basement determined from 40Ar/39Ar K‐feldspar studies. Journal of Geophysical Research: Solid Earth, 103(B12), 29795-29814.",,,Append existing compiled record omitted from summary
Heizler1998a.csv,5,840.0,2.0,2.0,Ar/Ar,Total Gas Age,[audit 2026-10: errors converted published 1σ to 2σ (x2)],Biotite,Ar Furnace-Step,,Grenville Province,NY,43.7,-73.71666667,Northshore of Brandt Lake,Adirondack Highlands,,,"Heizler, M. T., & Harrison, T. M. (1998). The thermal history of the New York basement determined from 40Ar/39Ar K‐feldspar studies. Journal of Geophysical Research: Solid Earth, 103(B12), 29795-29814.",,,Append existing compiled record omitted from summary
Heizler1998a.csv,5,611.0,2.0,2.0,Ar/Ar,Total Gas Age,[audit 2026-10: errors converted published 1σ to 2σ (x2)],K-Feldspar,Ar Furnace-Step,,Grenville Province,NY,43.7,-73.71666667,Northshore of Brandt Lake,Adirondack Highlands,,,"Heizler, M. T., & Harrison, T. M. (1998). The thermal history of the New York basement determined from 40Ar/39Ar K‐feldspar studies. Journal of Geophysical Research: Solid Earth, 103(B12), 29795-29814.",,,Append existing compiled record omitted from summary
Heizler1998a.csv,6,819.0,2.0,2.0,Ar/Ar,Total Gas Age,[audit 2026-10: errors converted published 1σ to 2σ (x2)],Biotite,Ar Furnace-Step,,Grenville Province,NY,43.75,-73.63333333,On rt. 8 just NW of Brandt Lake,Adirondack Highlands,,,"Heizler, M. T., & Harrison, T. M. (1998). The thermal history of the New York basement determined from 40Ar/39Ar K‐feldspar studies. Journal of Geophysical Research: Solid Earth, 103(B12), 29795-29814.",,,Append existing compiled record omitted from summary
Heizler1998a.csv,6,496.0,2.0,2.0,Ar/Ar,Total Gas Age,[audit 2026-10: errors converted published 1σ to 2σ (x2)],K-Feldspar,Ar Furnace-Step,,Grenville Province,NY,43.75,-73.63333333,On rt. 8 just NW of Brandt Lake,Adirondack Highlands,,,"Heizler, M. T., & Harrison, T. M. (1998). The thermal history of the New York basement determined from 40Ar/39Ar K‐feldspar studies. Journal of Geophysical Research: Solid Earth, 103(B12), 29795-29814.",,,Append existing compiled record omitted from summary
Heizler1998a.csv,7,918.0,28.0,28.0,Ar/Ar,Plateau Age,[audit 2026-10: errors converted published 1σ to 2σ (x2)],Hornblende,Ar Furnace-Step,,Grenville Province,NY,43.73,-74.03333333,0.5 mile S of North River on rt. 28,Adirondack Highlands,,,"Heizler, M. T., & Harrison, T. M. (1998). The thermal history of the New York basement determined from 40Ar/39Ar K‐feldspar studies. Journal of Geophysical Research: Solid Earth, 103(B12), 29795-29814.",,,Append existing compiled record omitted from summary
Heizler1998a.csv,8,663.0,2.0,2.0,Ar/Ar,Total Gas Age,[audit 2026-10: errors converted published 1σ to 2σ (x2)],K-Feldspar,Ar Furnace-Step,,Grenville Province,NY,43.77,-74.28333333,1 mile S of Indian Lake along rt. 30,Adirondack Highlands,,,"Heizler, M. T., & Harrison, T. M. (1998). The thermal history of the New York basement determined from 40Ar/39Ar K‐feldspar studies. Journal of Geophysical Research: Solid Earth, 103(B12), 29795-29814.",,,Append existing compiled record omitted from summary
Heizler1998a.csv,9,920.0,42.0,42.0,Ar/Ar,Plateau Age,[audit 2026-10: errors converted published 1σ to 2σ (x2)],Hornblende,Ar Furnace-Step,,Grenville Province,NY,43.32,-74.25,3 miles S of Wells on rt. 30,Adirondack Highlands,,,"Heizler, M. T., & Harrison, T. M. (1998). The thermal history of the New York basement determined from 40Ar/39Ar K‐feldspar studies. Journal of Geophysical Research: Solid Earth, 103(B12), 29795-29814.",,,Append existing compiled record omitted from summary
Heizler1998a.csv,11,783.0,4.0,4.0,Ar/Ar,Total Gas Age,[audit 2026-10: errors converted published 1σ to 2σ (x2)],K-Feldspar,Ar Furnace-Step,,Grenville Province,NY,44.38,-75.75,1901 1 mile SW of South Hamond,Adirondack Lowlands,,,"Heizler, M. T., & Harrison, T. M. (1998). The thermal history of the New York basement determined from 40Ar/39Ar K‐feldspar studies. Journal of Geophysical Research: Solid Earth, 103(B12), 29795-29814.",,,Append existing compiled record omitted from summary
Heizler1998a.csv,12,866.0,2.0,2.0,Ar/Ar,Total Gas Age,[audit 2026-10: errors converted published 1σ to 2σ (x2)],Biotite,Ar Furnace-Step,,Grenville Province,NY,44.05,-75.43333333,3 miles S of Oswegatchie Comer,Adirondack Highlands,,,"Heizler, M. T., & Harrison, T. M. (1998). The thermal history of the New York basement determined from 40Ar/39Ar K‐feldspar studies. Journal of Geophysical Research: Solid Earth, 103(B12), 29795-29814.",,,Append existing compiled record omitted from summary
Heizler1998a.csv,12,727.0,2.0,2.0,Ar/Ar,Total Gas Age,[audit 2026-10: errors converted published 1σ to 2σ (x2)],K-Feldspar,Ar Furnace-Step,,Grenville Province,NY,44.05,-75.43333333,4 miles S of Oswegatchie Comer,Adirondack Highlands,,,"Heizler, M. T., & Harrison, T. M. (1998). The thermal history of the New York basement determined from 40Ar/39Ar K‐feldspar studies. Journal of Geophysical Research: Solid Earth, 103(B12), 29795-29814.",,,Append existing compiled record omitted from summary
Heizler1998a.csv,13,876.0,4.0,4.0,Ar/Ar,Total Gas Age,[audit 2026-10: errors converted published 1σ to 2σ (x2)],Biotite,Ar Furnace-Step,,Grenville Province,NY,44.2,-74.31666667,rt. 30 at Lake Duanc,Adirondack Highlands,,,"Heizler, M. T., & Harrison, T. M. (1998). The thermal history of the New York basement determined from 40Ar/39Ar K‐feldspar studies. Journal of Geophysical Research: Solid Earth, 103(B12), 29795-29814.",,,Append existing compiled record omitted from summary
Heizler1998a.csv,13,655.0,4.0,4.0,Ar/Ar,Total Gas Age,[audit 2026-10: errors converted published 1σ to 2σ (x2)],K-Feldspar,Ar Furnace-Step,,Grenville Province,NY,44.2,-74.31666667,rt. 30 at Lake Duanc,Adirondack Highlands,,,"Heizler, M. T., & Harrison, T. M. (1998). The thermal history of the New York basement determined from 40Ar/39Ar K‐feldspar studies. Journal of Geophysical Research: Solid Earth, 103(B12), 29795-29814.",,,Append existing compiled record omitted from summary
Heizler1998a.csv,15,926.0,20.0,20.0,Ar/Ar,Plateau Age,[audit 2026-10: errors converted published 1σ to 2σ (x2)],Hornblende,Ar Furnace-Step,,Grenville Province,NY,43.97,-75.38333333,0.5 miles S of Indian River on rt. 3,Adirondack Highlands,,,"Heizler, M. T., & Harrison, T. M. (1998). The thermal history of the New York basement determined from 40Ar/39Ar K‐feldspar studies. Journal of Geophysical Research: Solid Earth, 103(B12), 29795-29814.",,,Append existing compiled record omitted from summary
Heizler1998a.csv,15,785.0,4.0,4.0,Ar/Ar,Total Gas Age,[audit 2026-10: errors converted published 1σ to 2σ (x2)],K-Feldspar,Ar Furnace-Step,,Grenville Province,NY,43.97,-75.38333333,0.5 miles S of Indian River on rt. 4,Adirondack Highlands,,,"Heizler, M. T., & Harrison, T. M. (1998). The thermal history of the New York basement determined from 40Ar/39Ar K‐feldspar studies. Journal of Geophysical Research: Solid Earth, 103(B12), 29795-29814.",,,Append existing compiled record omitted from summary
Heizler1998a.csv,16,917.0,20.0,20.0,Ar/Ar,Plateau Age,[audit 2026-10: errors converted published 1σ to 2σ (x2)],Hornblende,Ar Furnace-Step,,Grenville Province,NY,44.58,-74.63333333,1 mile S of Lake Ozonta,Adirondack Highlands,,,"Heizler, M. T., & Harrison, T. M. (1998). The thermal history of the New York basement determined from 40Ar/39Ar K‐feldspar studies. Journal of Geophysical Research: Solid Earth, 103(B12), 29795-29814.",,,Append existing compiled record omitted from summary
Heizler1998a.csv,16,688.0,4.0,4.0,Ar/Ar,Total Gas Age,[audit 2026-10: errors converted published 1σ to 2σ (x2)],K-Feldspar,Ar Furnace-Step,,Grenville Province,NY,44.58,-74.63333333,2 mile S of Lake Ozonta,Adirondack Highlands,,,"Heizler, M. T., & Harrison, T. M. (1998). The thermal history of the New York basement determined from 40Ar/39Ar K‐feldspar studies. Journal of Geophysical Research: Solid Earth, 103(B12), 29795-29814.",,,Append existing compiled record omitted from summary
Heizler1998a.csv,17,851.0,6.0,6.0,Ar/Ar,Total Gas Age,[audit 2026-10: errors converted published 1σ to 2σ (x2)],Biotite,Ar Furnace-Step,,Grenville Province,NY,43.38,-74.58333333,1 mile SW of Piseco Lak,Adirondack Highlands,,,"Heizler, M. T., & Harrison, T. M. (1998). The thermal history of the New York basement determined from 40Ar/39Ar K‐feldspar studies. Journal of Geophysical Research: Solid Earth, 103(B12), 29795-29814.",,,Append existing compiled record omitted from summary
Heizler1998a.csv,17,945.0,16.0,16.0,Ar/Ar,Plateau Age,[audit 2026-10: errors converted published 1σ to 2σ (x2)],Hornblende,Ar Furnace-Step,,Grenville Province,NY,43.38,-74.58333333,2 mile SW of Piseco Lak,Adirondack Highlands,,,"Heizler, M. T., & Harrison, T. M. (1998). The thermal history of the New York basement determined from 40Ar/39Ar K‐feldspar studies. Journal of Geophysical Research: Solid Earth, 103(B12), 29795-29814.",,,Append existing compiled record omitted from summary
Heizler1998a.csv,17,702.0,4.0,4.0,Ar/Ar,Total Gas Age,[audit 2026-10: errors converted published 1σ to 2σ (x2)],K-Feldspar,Ar Furnace-Step,,Grenville Province,NY,43.38,-74.58333333,3 mile SW of Piseco Lak,Adirondack Highlands,,,"Heizler, M. T., & Harrison, T. M. (1998). The thermal history of the New York basement determined from 40Ar/39Ar K‐feldspar studies. Journal of Geophysical Research: Solid Earth, 103(B12), 29795-29814.",,,Append existing compiled record omitted from summary
Heizler1998a.csv,18,713.0,4.0,4.0,Ar/Ar,Total Gas Age,[audit 2026-10: errors converted published 1σ to 2σ (x2)],K-Feldspar,Ar Furnace-Step,,Grenville Province,NY,44.48,-74.96666667,1 mile W of Sellecks Comers,Adirondack Highlands,,,"Heizler, M. T., & Harrison, T. M. (1998). The thermal history of the New York basement determined from 40Ar/39Ar K‐feldspar studies. Journal of Geophysical Research: Solid Earth, 103(B12), 29795-29814.",,,Append existing compiled record omitted from summary
Heizler1998a.csv,19,728.0,4.0,4.0,Ar/Ar,Total Gas Age,[audit 2026-10: errors converted published 1σ to 2σ (x2)],K-Feldspar,Ar Furnace-Step,,Grenville Province,NY,44.12,-74.88333333,SE shore of Dead Creek Flow,Adirondack Highlands,,,"Heizler, M. T., & Harrison, T. M. (1998). The thermal history of the New York basement determined from 40Ar/39Ar K‐feldspar studies. Journal of Geophysical Research: Solid Earth, 103(B12), 29795-29814.",,,Append existing compiled record omitted from summary
Heizler1998a.csv,21,789.0,4.0,4.0,Ar/Ar,Total Gas Age,[audit 2026-10: errors converted published 1σ to 2σ (x2)],Biotite,Ar Furnace-Step,,Grenville Province,NY,43.15,-73.76666667,"2 miles S of Wilton, In McGregor Fault breccia",Adirondack Highlands,,,"Heizler, M. T., & Harrison, T. M. (1998). The thermal history of the New York basement determined from 40Ar/39Ar K‐feldspar studies. Journal of Geophysical Research: Solid Earth, 103(B12), 29795-29814.",,,Append existing compiled record omitted from summary
Heizler1998a.csv,21,355.0,2.0,2.0,Ar/Ar,Total Gas Age,[audit 2026-10: errors converted published 1σ to 2σ (x2)],K-Feldspar,Ar Furnace-Step,,Grenville Province,NY,43.15,-73.76666667,"3 miles S of Wilton, In McGregor Fault breccia",Adirondack Highlands,,,"Heizler, M. T., & Harrison, T. M. (1998). The thermal history of the New York basement determined from 40Ar/39Ar K‐feldspar studies. Journal of Geophysical Research: Solid Earth, 103(B12), 29795-29814.",,,Append existing compiled record omitted from summary
Heizler1998a.csv,21,854.0,4.0,4.0,Ar/Ar,Integrated Age,[audit 2026-10: errors converted published 1σ to 2σ (x2)],Muscovite,Ar Furnace-Step,,Grenville Province,NY,43.15,-73.76666667,"4 miles S of Wilton, In McGregor Fault breccia",Adirondack Highlands,,,"Heizler, M. T., & Harrison, T. M. (1998). The thermal history of the New York basement determined from 40Ar/39Ar K‐feldspar studies. Journal of Geophysical Research: Solid Earth, 103(B12), 29795-29814.",,,Append existing compiled record omitted from summary
Heizler1998a.csv,22,888.0,4.0,4.0,Ar/Ar,Total Gas Age,[audit 2026-10: errors converted published 1σ to 2σ (x2)],K-Feldspar,Ar Furnace-Step,,Grenville Province,NY,44.17,-75.05,Benson Mines near Star Lake,Adirondack Highlands,,,"Heizler, M. T., & Harrison, T. M. (1998). The thermal history of the New York basement determined from 40Ar/39Ar K‐feldspar studies. Journal of Geophysical Research: Solid Earth, 103(B12), 29795-29814.",,,Append existing compiled record omitted from summary
Heizler1998a.csv,23,461.0,2.0,2.0,Ar/Ar,Total Gas Age,[audit 2026-10: errors converted published 1σ to 2σ (x2)],K-Feldspar,Ar Furnace-Step,,Grenville Province,NY,43.15,-73.78333333,"2 miles S of Wilton, just outside of McGregor Fault zon",Adirondack Highlands,,,"Heizler, M. T., & Harrison, T. M. (1998). The thermal history of the New York basement determined from 40Ar/39Ar K‐feldspar studies. Journal of Geophysical Research: Solid Earth, 103(B12), 29795-29814.",,,Append existing compiled record omitted from summary
Heizler1998a.csv,24,570.0,2.0,2.0,Ar/Ar,Total Gas Age,[audit 2026-10: errors converted published 1σ to 2σ (x2)],K-Feldspar,Ar Furnace-Step,,Grenville Province,NY,44.48,-73.48333333,"2 miles S of exit 33 on highway 87, (roof pendant)",Adirondack Highlands,,,"Heizler, M. T., & Harrison, T. M. (1998). The thermal history of the New York basement determined from 40Ar/39Ar K‐feldspar studies. Journal of Geophysical Research: Solid Earth, 103(B12), 29795-29814.",,,Append existing compiled record omitted from summary
Heizler1998a.csv,25,612.0,2.0,2.0,Ar/Ar,Total Gas Age,[audit 2026-10: errors converted published 1σ to 2σ (x2)],K-Feldspar,Ar Furnace-Step,,Grenville Province,NY,43.57,-75.13333333,2.6 miles S of Otter Lake on rt. 28,Adirondack Highlands,,,"Heizler, M. T., & Harrison, T. M. (1998). The thermal history of the New York basement determined from 40Ar/39Ar K‐feldspar studies. Journal of Geophysical Research: Solid Earth, 103(B12), 29795-29814.",,,Append existing compiled record omitted from summary
Heizler1998a.csv,26,692.0,2.0,2.0,Ar/Ar,Total Gas Age,[audit 2026-10: errors converted published 1σ to 2σ (x2)],K-Feldspar,Ar Furnace-Step,,Grenville Province,NY,43.72,-74.96666667,1.5 miles north of Old Forge along rt. 28,Adirondack Highlands,,,"Heizler, M. T., & Harrison, T. M. (1998). The thermal history of the New York basement determined from 40Ar/39Ar K‐feldspar studies. Journal of Geophysical Research: Solid Earth, 103(B12), 29795-29814.",,,Append existing compiled record omitted from summary
Heizler1998a.csv,44,1060.0,4.0,4.0,Ar/Ar,Total Gas Age,[audit 2026-10: errors converted published 1σ to 2σ (x2)],Biotite,Ar Furnace-Step,,Grenville Province,NY,43.68,-74.05,Barton Mine at Gore Mt.,Adirondack Highlands,,,"Heizler, M. T., & Harrison, T. M. (1998). The thermal history of the New York basement determined from 40Ar/39Ar K‐feldspar studies. Journal of Geophysical Research: Solid Earth, 103(B12), 29795-29814.",,,Append existing compiled record omitted from summary
Lopez-Martinez1983a.csv,HBDE CG 121,1143.0,26.0,26.0,Ar/Ar,Cooling,"Integrated (total-gas) age, Table 2 p.956; authors' plateau age 1146 ± 12 (1σ), text p.957; [audit 2026-10: errors converted published 1σ to 2σ (x2)]",Hornblende,Ar Furnace-Step,,Grenville Province,ON,44.5,-77.83,Cordova Gabbro,"Central Metasedimentary belt, Bancroft Terrane",,,"Lopez-Martinez, M., & York, D. (1983). Further thermochronometric unravelling of the age and palaeomagnetic record of the southwest Grenville Province. Canadian Journal of Earth Sciences, 20(6), 953-960.",,,Append existing compiled record omitted from summary
Lopez-Martinez1983a.csv,HBDE CG 64,1052.0,16.0,16.0,Ar/Ar,Cooling,"Integrated (total-gas) age, Table 2 p.956; authors' plateau age 1056 ± 8 (1σ), text p.957; [audit 2026-10: errors converted published 1σ to 2σ (x2)]",Hornblende,Ar Furnace-Step,,Grenville Province,ON,44.5,-77.83,Cordova Gabbro,"Central Metasedimentary belt, Bancroft Terrane",,,"Lopez-Martinez, M., & York, D. (1983). Further thermochronometric unravelling of the age and palaeomagnetic record of the southwest Grenville Province. Canadian Journal of Earth Sciences, 20(6), 953-960.",,,Append existing compiled record omitted from summary
Lopez-Martinez1983a.csv,PLAG CG 121,465.0,8.0,8.0,Ar/Ar,Cooling,"Integrated (total-gas) age, Table 2 p.956; authors' plateau age 447 ± 8 (1σ), text p.957; [audit 2026-10: errors converted published 1σ to 2σ (x2)]",Plagioclase,Ar Furnace-Step,,Grenville Province,ON,44.5,-77.83,Cordova Gabbro,"Central Metasedimentary belt, Bancroft Terrane",,,"Lopez-Martinez, M., & York, D. (1983). Further thermochronometric unravelling of the age and palaeomagnetic record of the southwest Grenville Province. Canadian Journal of Earth Sciences, 20(6), 953-960.",,,Append existing compiled record omitted from summary
Lopez-Martinez1983a.csv,PLAG CG 121,434.0,2.0,2.0,Ar/Ar,Cooling,"Integrated (total-gas) age, Table 2 p.956; authors' plateau age 446 ± 2 (1σ), text p.957; [audit 2026-10: errors converted published 1σ to 2σ (x2)]",Plagioclase,Ar Furnace-Step,,Grenville Province,ON,44.5,-77.83,Cordova Gabbro,"Central Metasedimentary belt, Bancroft Terrane",,,"Lopez-Martinez, M., & York, D. (1983). Further thermochronometric unravelling of the age and palaeomagnetic record of the southwest Grenville Province. Canadian Journal of Earth Sciences, 20(6), 953-960.",,,Append existing compiled record omitted from summary
Morisset2009a.csv,2033-D,992.4,7.2,7.2,U/Pb,Metamorphic,[audit 2026-10: errors restored published 2σ (compiled values were 2σ/2)],Zircon,TIMS,Direct,Grenville Province,QC,47.53623,-70.42846,St. Urbain anorthosite,Saint-Urbain anorthosite,Plutonic,,"Morisset, C. E., Scoates, J. S., Weis, D., & Friedman, R. M. (2009). U–Pb and 40Ar/39Ar geochronology of the Saint-Urbain and Lac Allard (Havre-Saint-Pierre) anorthosites and their associated Fe–Ti oxide ores, Québec: Evidence for emplacement and slow cooling during the collisional Ottawan orogeny in the Grenville Province. Precambrian Research, 174(1-2), 95-116.",38.0,42.0,Append existing compiled record omitted from summary
Morisset2009a.csv,2006-C2,1053.6,2.6,2.6,U/Pb,Metamorphic,[audit 2026-10: errors restored published 2σ (compiled values were 2σ/2)],Zircon,TIMS,Direct,Grenville Province,QC,47.54216,-70.56589,St. Urbain anorthosite,Saint-Urbain anorthosite,Plutonic,Anorthosite,"Morisset, C. E., Scoates, J. S., Weis, D., & Friedman, R. M. (2009). U–Pb and 40Ar/39Ar geochronology of the Saint-Urbain and Lac Allard (Havre-Saint-Pierre) anorthosites and their associated Fe–Ti oxide ores, Québec: Evidence for emplacement and slow cooling during the collisional Ottawan orogeny in the Grenville Province. Precambrian Research, 174(1-2), 95-116.",35.0,85.0,Append existing compiled record omitted from summary
Morisset2009a.csv,2042-A,1046.2,3.1,3.1,U/Pb,Metamorphic,[audit 2026-10: errors restored published 2σ (compiled values were 2σ/2)],Zircon,TIMS,Direct,Grenville Province,QC,47.63904,-70.60647,St. Urbain anorthosite,Saint-Urbain anorthosite,Plutonic,Leuconorite,"Morisset, C. E., Scoates, J. S., Weis, D., & Friedman, R. M. (2009). U–Pb and 40Ar/39Ar geochronology of the Saint-Urbain and Lac Allard (Havre-Saint-Pierre) anorthosites and their associated Fe–Ti oxide ores, Québec: Evidence for emplacement and slow cooling during the collisional Ottawan orogeny in the Grenville Province. Precambrian Research, 174(1-2), 95-116.",30.0,125.0,Append existing compiled record omitted from summary
Morisset2009a.csv,2043-A,1055.0,2.4,2.4,U/Pb,Metamorphic,[audit 2026-10: errors restored published 2σ (compiled values were 2σ/2)],Zircon,TIMS,Direct,Grenville Province,QC,47.67147,-70.60452,St. Urbain anorthosite,Saint-Urbain anorthosite,Plutonic,Anorthosite,"Morisset, C. E., Scoates, J. S., Weis, D., & Friedman, R. M. (2009). U–Pb and 40Ar/39Ar geochronology of the Saint-Urbain and Lac Allard (Havre-Saint-Pierre) anorthosites and their associated Fe–Ti oxide ores, Québec: Evidence for emplacement and slow cooling during the collisional Ottawan orogeny in the Grenville Province. Precambrian Research, 174(1-2), 95-116.",25.0,70.0,Append existing compiled record omitted from summary
Morisset2009a.csv,2020,1057.4,1.5,1.5,U/Pb,Metamorphic,[audit 2026-10: errors restored published 2σ (compiled values were 2σ/2)],Zircon,TIMS,Direct,Grenville Province,QC,47.70893,-70.66931,St. Urbain anorthosite,Saint-Urbain anorthosite,Plutonic,Oxide-apatite gabbronorite,"Morisset, C. E., Scoates, J. S., Weis, D., & Friedman, R. M. (2009). U–Pb and 40Ar/39Ar geochronology of the Saint-Urbain and Lac Allard (Havre-Saint-Pierre) anorthosites and their associated Fe–Ti oxide ores, Québec: Evidence for emplacement and slow cooling during the collisional Ottawan orogeny in the Grenville Province. Precambrian Research, 174(1-2), 95-116.",20.0,160.0,Append existing compiled record omitted from summary
Morisset2009a.csv,2023,1060.8,2.8,2.8,U/Pb,Metamorphic,[audit 2026-10: errors restored published 2σ (compiled values were 2σ/2)],Zircon,TIMS,Direct,Grenville Province,QC,47.41849,-70.74927,St. Urbain anorthosite,Saint-Urbain anorthosite,Plutonic,orthopyroxene-granodiorite,"Morisset, C. E., Scoates, J. S., Weis, D., & Friedman, R. M. (2009). U–Pb and 40Ar/39Ar geochronology of the Saint-Urbain and Lac Allard (Havre-Saint-Pierre) anorthosites and their associated Fe–Ti oxide ores, Québec: Evidence for emplacement and slow cooling during the collisional Ottawan orogeny in the Grenville Province. Precambrian Research, 174(1-2), 95-116.",30.0,75.0,Append existing compiled record omitted from summary
Morisset2009a.csv,2006-G1,908.3,1.1,1.1,U/Pb,Cooling,[audit 2026-10: errors restored published 2σ (compiled values were 2σ/2)],Rutile,TIMS,Direct,Grenville Province,QC,47.53964,-70.56791,St. Urbain anorthosite,Saint-Urbain anorthosite,Plutonic,,"Morisset, C. E., Scoates, J. S., Weis, D., & Friedman, R. M. (2009). U–Pb and 40Ar/39Ar geochronology of the Saint-Urbain and Lac Allard (Havre-Saint-Pierre) anorthosites and their associated Fe–Ti oxide ores, Québec: Evidence for emplacement and slow cooling during the collisional Ottawan orogeny in the Grenville Province. Precambrian Research, 174(1-2), 95-116.",50.0,100.0,Append existing compiled record omitted from summary
Morisset2009a.csv,2015-B4,903.0,11.0,11.0,U/Pb,Cooling,[audit 2026-10: errors restored published 2σ (compiled values were 2σ/2)],Rutile,TIMS,Direct,Grenville Province,QC,47.53536,-70.55539,St. Urbain anorthosite,Saint-Urbain anorthosite,Plutonic,,"Morisset, C. E., Scoates, J. S., Weis, D., & Friedman, R. M. (2009). U–Pb and 40Ar/39Ar geochronology of the Saint-Urbain and Lac Allard (Havre-Saint-Pierre) anorthosites and their associated Fe–Ti oxide ores, Québec: Evidence for emplacement and slow cooling during the collisional Ottawan orogeny in the Grenville Province. Precambrian Research, 174(1-2), 95-116.",150.0,200.0,Append existing compiled record omitted from summary
Morisset2009a.csv,2030-B2,914.1,3.0,3.0,U/Pb,Cooling,[audit 2026-10: errors restored published 2σ (compiled values were 2σ/2)],Rutile,TIMS,Direct,Grenville Province,QC,47.53712,-70.55521,St. Urbain anorthosite,Saint-Urbain anorthosite,Plutonic,,"Morisset, C. E., Scoates, J. S., Weis, D., & Friedman, R. M. (2009). U–Pb and 40Ar/39Ar geochronology of the Saint-Urbain and Lac Allard (Havre-Saint-Pierre) anorthosites and their associated Fe–Ti oxide ores, Québec: Evidence for emplacement and slow cooling during the collisional Ottawan orogeny in the Grenville Province. Precambrian Research, 174(1-2), 95-116.",50.0,100.0,Append existing compiled record omitted from summary
Morisset2009a.csv,2033-D,941.0,39.0,39.0,U/Pb,Cooling,[audit 2026-10: errors restored published 2σ (compiled values were 2σ/2)],Rutile,TIMS,Direct,Grenville Province,QC,47.5345,-70.56128,St. Urbain anorthosite,Saint-Urbain anorthosite,Plutonic,Seminaire deposite,"Morisset, C. E., Scoates, J. S., Weis, D., & Friedman, R. M. (2009). U–Pb and 40Ar/39Ar geochronology of the Saint-Urbain and Lac Allard (Havre-Saint-Pierre) anorthosites and their associated Fe–Ti oxide ores, Québec: Evidence for emplacement and slow cooling during the collisional Ottawan orogeny in the Grenville Province. Precambrian Research, 174(1-2), 95-116.",50.0,100.0,Append existing compiled record omitted from summary
Morisset2009a.csv,2006-B4,931.3,4.8,4.8,Ar/Ar,Cooling,[audit 2026-10: errors restored published 2σ (compiled values were 2σ/2)],Biotite,Ar Furnace-Step,Direct,Grenville Province,QC,47.49475,-70.56529,St. Urbain anorthosite,Saint-Urbain anorthosite,Plutonic,,"Morisset, C. E., Scoates, J. S., Weis, D., & Friedman, R. M. (2009). U–Pb and 40Ar/39Ar geochronology of the Saint-Urbain and Lac Allard (Havre-Saint-Pierre) anorthosites and their associated Fe–Ti oxide ores, Québec: Evidence for emplacement and slow cooling during the collisional Ottawan orogeny in the Grenville Province. Precambrian Research, 174(1-2), 95-116.",1000.0,2500.0,Append existing compiled record omitted from summary
Morisset2009a.csv,2006-C4,886.7,5.4,5.4,Ar/Ar,Cooling,[audit 2026-10: errors restored published 2σ (compiled values were 2σ/2)],Biotite,Ar Furnace-Step,Direct,Grenville Province,QC,47.54216,-70.56689,St. Urbain anorthosite,Saint-Urbain anorthosite,Plutonic,,"Morisset, C. E., Scoates, J. S., Weis, D., & Friedman, R. M. (2009). U–Pb and 40Ar/39Ar geochronology of the Saint-Urbain and Lac Allard (Havre-Saint-Pierre) anorthosites and their associated Fe–Ti oxide ores, Québec: Evidence for emplacement and slow cooling during the collisional Ottawan orogeny in the Grenville Province. Precambrian Research, 174(1-2), 95-116.",3000.0,3000.0,Append existing compiled record omitted from summary
Morisset2009a.csv,2015-A4,892.2,4.7,4.7,Ar/Ar,Cooling,[audit 2026-10: errors restored published 2σ (compiled values were 2σ/2)],Biotite,Ar Furnace-Step,Direct,Grenville Province,QC,47.53537,-70.55482,St. Urbain anorthosite,Saint-Urbain anorthosite,Plutonic,,"Morisset, C. E., Scoates, J. S., Weis, D., & Friedman, R. M. (2009). U–Pb and 40Ar/39Ar geochronology of the Saint-Urbain and Lac Allard (Havre-Saint-Pierre) anorthosites and their associated Fe–Ti oxide ores, Québec: Evidence for emplacement and slow cooling during the collisional Ottawan orogeny in the Grenville Province. Precambrian Research, 174(1-2), 95-116.",500.0,1000.0,Append existing compiled record omitted from summary
Morisset2009a.csv,2033-A2,900.4,4.8,4.8,Ar/Ar,Cooling,[audit 2026-10: errors restored published 2σ (compiled values were 2σ/2)],Biotite,Ar Furnace-Step,Direct,Grenville Province,QC,47.53457,-70.56115,St. Urbain anorthosite,Saint-Urbain anorthosite,Plutonic,,"Morisset, C. E., Scoates, J. S., Weis, D., & Friedman, R. M. (2009). U–Pb and 40Ar/39Ar geochronology of the Saint-Urbain and Lac Allard (Havre-Saint-Pierre) anorthosites and their associated Fe–Ti oxide ores, Québec: Evidence for emplacement and slow cooling during the collisional Ottawan orogeny in the Grenville Province. Precambrian Research, 174(1-2), 95-116.",3000.0,3000.0,Append existing compiled record omitted from summary
Morisset2009a.csv,2033-D,885.8,4.6,4.6,Ar/Ar,Cooling,[audit 2026-10: errors restored published 2σ (compiled values were 2σ/2)],Biotite,Ar Furnace-Step,Direct,Grenville Province,QC,47.53623,-70.42846,St. Urbain anorthosite,Saint-Urbain anorthosite,Plutonic,,"Morisset, C. E., Scoates, J. S., Weis, D., & Friedman, R. M. (2009). U–Pb and 40Ar/39Ar geochronology of the Saint-Urbain and Lac Allard (Havre-Saint-Pierre) anorthosites and their associated Fe–Ti oxide ores, Québec: Evidence for emplacement and slow cooling during the collisional Ottawan orogeny in the Grenville Province. Precambrian Research, 174(1-2), 95-116.",700.0,850.0,Append existing compiled record omitted from summary
Morisset2009a.csv,2036-B1B,875.7,4.5,4.5,Ar/Ar,Cooling,[audit 2026-10: errors restored published 2σ (compiled values were 2σ/2)],Biotite,Ar Furnace-Step,Direct,Grenville Province,QC,47.54501,-70.55316,St. Urbain anorthosite,Saint-Urbain anorthosite,Plutonic,,"Morisset, C. E., Scoates, J. S., Weis, D., & Friedman, R. M. (2009). U–Pb and 40Ar/39Ar geochronology of the Saint-Urbain and Lac Allard (Havre-Saint-Pierre) anorthosites and their associated Fe–Ti oxide ores, Québec: Evidence for emplacement and slow cooling during the collisional Ottawan orogeny in the Grenville Province. Precambrian Research, 174(1-2), 95-116.",450.0,700.0,Append existing compiled record omitted from summary
Morisset2009a.csv,2015-A4,884.4,5.4,5.4,Ar/Ar,Cooling,[audit 2026-10: errors restored published 2σ (compiled values were 2σ/2)],Plagioclase,Ar Furnace-Step,Direct,Grenville Province,QC,47.53537,-70.55482,St. Urbain anorthosite,Saint-Urbain anorthosite,Plutonic,,"Morisset, C. E., Scoates, J. S., Weis, D., & Friedman, R. M. (2009). U–Pb and 40Ar/39Ar geochronology of the Saint-Urbain and Lac Allard (Havre-Saint-Pierre) anorthosites and their associated Fe–Ti oxide ores, Québec: Evidence for emplacement and slow cooling during the collisional Ottawan orogeny in the Grenville Province. Precambrian Research, 174(1-2), 95-116.",100.0,500.0,Append existing compiled record omitted from summary
Morisset2009a.csv,2033-D,860.3,8.3,8.3,Ar/Ar,Cooling,[audit 2026-10: errors restored published 2σ (compiled values were 2σ/2)],Plagioclase,Ar Furnace-Step,Direct,Grenville Province,QC,47.5345,-70.56128,St. Urbain anorthosite,Saint-Urbain anorthosite,Plutonic,,"Morisset, C. E., Scoates, J. S., Weis, D., & Friedman, R. M. (2009). U–Pb and 40Ar/39Ar geochronology of the Saint-Urbain and Lac Allard (Havre-Saint-Pierre) anorthosites and their associated Fe–Ti oxide ores, Québec: Evidence for emplacement and slow cooling during the collisional Ottawan orogeny in the Grenville Province. Precambrian Research, 174(1-2), 95-116.",250.0,500.0,Append existing compiled record omitted from summary
Morisset2009a.csv,2042-A,873.4,5.4,5.4,Ar/Ar,Cooling,[audit 2026-10: errors restored published 2σ (compiled values were 2σ/2)],Plagioclase,Ar Furnace-Step,Direct,Grenville Province,QC,47.63904,-70.60647,St. Urbain anorthosite,Saint-Urbain anorthosite,Plutonic,,"Morisset, C. E., Scoates, J. S., Weis, D., & Friedman, R. M. (2009). U–Pb and 40Ar/39Ar geochronology of the Saint-Urbain and Lac Allard (Havre-Saint-Pierre) anorthosites and their associated Fe–Ti oxide ores, Québec: Evidence for emplacement and slow cooling during the collisional Ottawan orogeny in the Grenville Province. Precambrian Research, 174(1-2), 95-116.",380.0,800.0,Append existing compiled record omitted from summary
Morisset2009a.csv,2102,1052.9,6.5,6.5,U/Pb,Metamorphic,[audit 2026-10: errors restored published 2σ (compiled values were 2σ/2)],Zircon,TIMS,Direct,Grenville Province,QC,50.45247,-69.69689,Lac Allard anorthsoite,Havre-Saint-Pierre anorthosite (Lac Allard lobe),Plutonic,Big Island deposite,"Morisset, C. E., Scoates, J. S., Weis, D., & Friedman, R. M. (2009). U–Pb and 40Ar/39Ar geochronology of the Saint-Urbain and Lac Allard (Havre-Saint-Pierre) anorthosites and their associated Fe–Ti oxide ores, Québec: Evidence for emplacement and slow cooling during the collisional Ottawan orogeny in the Grenville Province. Precambrian Research, 174(1-2), 95-116.",50.0,200.0,Append existing compiled record omitted from summary
Morisset2009a.csv,2114-B,1061.6,3.0,3.0,U/Pb,Metamorphic,[audit 2026-10: errors restored published 2σ (compiled values were 2σ/2)],Zircon,TIMS,Direct,Grenville Province,QC,50.4508,-69.69812,Lac Allard anorthsoite,Havre-Saint-Pierre anorthosite (Lac Allard lobe),Plutonic,Anorthosite,"Morisset, C. E., Scoates, J. S., Weis, D., & Friedman, R. M. (2009). U–Pb and 40Ar/39Ar geochronology of the Saint-Urbain and Lac Allard (Havre-Saint-Pierre) anorthosites and their associated Fe–Ti oxide ores, Québec: Evidence for emplacement and slow cooling during the collisional Ottawan orogeny in the Grenville Province. Precambrian Research, 174(1-2), 95-116.",70.0,145.0,Append existing compiled record omitted from summary
Morisset2009a.csv,2123-B,1057.4,5.7,5.7,U/Pb,Metamorphic,[audit 2026-10: errors restored published 2σ (compiled values were 2σ/2)],Zircon,TIMS,Direct,Grenville Province,QC,50.45174,-69.70053,Lac Allard anorthsoite,Havre-Saint-Pierre anorthosite (Lac Allard lobe),Plutonic,Anorthosite,"Morisset, C. E., Scoates, J. S., Weis, D., & Friedman, R. M. (2009). U–Pb and 40Ar/39Ar geochronology of the Saint-Urbain and Lac Allard (Havre-Saint-Pierre) anorthosites and their associated Fe–Ti oxide ores, Québec: Evidence for emplacement and slow cooling during the collisional Ottawan orogeny in the Grenville Province. Precambrian Research, 174(1-2), 95-116.",30.0,75.0,Append existing compiled record omitted from summary
Morisset2009a.csv,2132,1060.5,1.9,1.9,U/Pb,Metamorphic,[audit 2026-10: errors restored published 2σ (compiled values were 2σ/2)],Zircon,TIMS,Direct,Grenville Province,QC,50.55331,-69.39478,Lac Allard anorthsoite,Havre-Saint-Pierre anorthosite (Lac Allard lobe),Plutonic,Anorthosite,"Morisset, C. E., Scoates, J. S., Weis, D., & Friedman, R. M. (2009). U–Pb and 40Ar/39Ar geochronology of the Saint-Urbain and Lac Allard (Havre-Saint-Pierre) anorthosites and their associated Fe–Ti oxide ores, Québec: Evidence for emplacement and slow cooling during the collisional Ottawan orogeny in the Grenville Province. Precambrian Research, 174(1-2), 95-116.",45.0,55.0,Append existing compiled record omitted from summary
Morisset2009a.csv,2104-D,943.0,25.0,25.0,U/Pb,Cooling,[audit 2026-10: errors restored published 2σ (compiled values were 2σ/2)],Rutile,TIMS,Direct,Grenville Province,QC,50.45247,-69.69661,Lac Allard anorthsoite,Havre-Saint-Pierre anorthosite (Lac Allard lobe),Plutonic,,"Morisset, C. E., Scoates, J. S., Weis, D., & Friedman, R. M. (2009). U–Pb and 40Ar/39Ar geochronology of the Saint-Urbain and Lac Allard (Havre-Saint-Pierre) anorthosites and their associated Fe–Ti oxide ores, Québec: Evidence for emplacement and slow cooling during the collisional Ottawan orogeny in the Grenville Province. Precambrian Research, 174(1-2), 95-116.",50.0,100.0,Append existing compiled record omitted from summary
Morisset2009a.csv,2109-A,926.0,32.0,32.0,U/Pb,Cooling,[audit 2026-10: errors restored published 2σ (compiled values were 2σ/2)],Rutile,TIMS,Direct,Grenville Province,QC,50.45262,-69.69519,Lac Allard anorthsoite,Havre-Saint-Pierre anorthosite (Lac Allard lobe),Plutonic,,"Morisset, C. E., Scoates, J. S., Weis, D., & Friedman, R. M. (2009). U–Pb and 40Ar/39Ar geochronology of the Saint-Urbain and Lac Allard (Havre-Saint-Pierre) anorthosites and their associated Fe–Ti oxide ores, Québec: Evidence for emplacement and slow cooling during the collisional Ottawan orogeny in the Grenville Province. Precambrian Research, 174(1-2), 95-116.",50.0,100.0,Append existing compiled record omitted from summary
Morisset2009a.csv,2103-B3,952.4,8.3,8.3,Ar/Ar,Cooling,[audit 2026-10: errors restored published 2σ (compiled values were 2σ/2)],Biotite,Ar Furnace-Step,Direct,Grenville Province,QC,50.45247,-69.69689,Lac Allard anorthsoite,Havre-Saint-Pierre anorthosite (Lac Allard lobe),Plutonic,,"Morisset, C. E., Scoates, J. S., Weis, D., & Friedman, R. M. (2009). U–Pb and 40Ar/39Ar geochronology of the Saint-Urbain and Lac Allard (Havre-Saint-Pierre) anorthosites and their associated Fe–Ti oxide ores, Québec: Evidence for emplacement and slow cooling during the collisional Ottawan orogeny in the Grenville Province. Precambrian Research, 174(1-2), 95-116.",500.0,850.0,Append existing compiled record omitted from summary
Morisset2009a.csv,2103-B3,913.0,12.0,12.0,Ar/Ar,Cooling,[audit 2026-10: errors restored published 2σ (compiled values were 2σ/2)],Plagioclase,Ar Furnace-Step,Direct,Grenville Province,QC,50.45247,-69.69689,Lac Allard anorthsoite,Havre-Saint-Pierre anorthosite (Lac Allard lobe),Plutonic,,"Morisset, C. E., Scoates, J. S., Weis, D., & Friedman, R. M. (2009). U–Pb and 40Ar/39Ar geochronology of the Saint-Urbain and Lac Allard (Havre-Saint-Pierre) anorthosites and their associated Fe–Ti oxide ores, Québec: Evidence for emplacement and slow cooling during the collisional Ottawan orogeny in the Grenville Province. Precambrian Research, 174(1-2), 95-116.",600.0,1250.0,Append existing compiled record omitted from summary
Onstott1987a.csv,3-1-H-1,915.6,3.6,3.6,Ar/Ar,Plateau Age,[audit 2026-10: errors converted published 1σ to 2σ (x2)],Hornblende,Ar Furnace-Step,,Grenville Province,NY,44.2,-74.0,Adirondack Highlands,Adirondack Highlands,,Granitic gneiss enclosing a banded amphibolite,"Onstott, T. C., & Peacock, M. W. (1987). Argon retentivity of hornblendes: A field experiment in a slowly cooled metamorphic terrane. Geochimica et Cosmochimica Acta, 51(11), 2891-2903.",,,Append existing compiled record omitted from summary
Onstott1987a.csv,3-1-H-2,906.6,3.8,3.8,Ar/Ar,Plateau Age,[audit 2026-10: errors converted published 1σ to 2σ (x2)],Hornblende,Ar Furnace-Step,,Grenville Province,NY,44.2,-74.0,Adirondack Highlands,Adirondack Highlands,,Granitic gneiss enclosing a banded amphibolite,"Onstott, T. C., & Peacock, M. W. (1987). Argon retentivity of hornblendes: A field experiment in a slowly cooled metamorphic terrane. Geochimica et Cosmochimica Acta, 51(11), 2891-2903.",,,Append existing compiled record omitted from summary
Onstott1987a.csv,3-2-H,933.0,3.2,3.2,Ar/Ar,Plateau Age,[audit 2026-10: errors converted published 1σ to 2σ (x2)],Hornblende,Ar Furnace-Step,,Grenville Province,NY,44.2,-74.0,Adirondack Highlands,Adirondack Highlands,,Granitic gneiss enclosing a banded amphibolite,"Onstott, T. C., & Peacock, M. W. (1987). Argon retentivity of hornblendes: A field experiment in a slowly cooled metamorphic terrane. Geochimica et Cosmochimica Acta, 51(11), 2891-2903.",,,Append existing compiled record omitted from summary
Onstott1987a.csv,3-3-H-1,958.2,3.4,3.4,Ar/Ar,Plateau Age,[audit 2026-10: errors converted published 1σ to 2σ (x2)],Hornblende,Ar Furnace-Step,,Grenville Province,NY,44.2,-74.0,Adirondack Highlands,Adirondack Highlands,,Granitic gneiss enclosing a banded amphibolite,"Onstott, T. C., & Peacock, M. W. (1987). Argon retentivity of hornblendes: A field experiment in a slowly cooled metamorphic terrane. Geochimica et Cosmochimica Acta, 51(11), 2891-2903.",,,Append existing compiled record omitted from summary
Onstott1987a.csv,3-3-H-2,944.6,3.2,3.2,Ar/Ar,Plateau Age,[audit 2026-10: errors converted published 1σ to 2σ (x2)],Hornblende,Ar Furnace-Step,,Grenville Province,NY,44.2,-74.0,Adirondack Highlands,Adirondack Highlands,,Granitic gneiss enclosing a banded amphibolite,"Onstott, T. C., & Peacock, M. W. (1987). Argon retentivity of hornblendes: A field experiment in a slowly cooled metamorphic terrane. Geochimica et Cosmochimica Acta, 51(11), 2891-2903.",,,Append existing compiled record omitted from summary
Onstott1987a.csv,3-1-B,852.2,3.6,3.6,Ar/Ar,Plateau Age,[audit 2026-10: errors converted published 1σ to 2σ (x2)],Biotite,Ar Furnace-Step,,Grenville Province,NY,44.2,-74.0,Adirondack Highlands,Adirondack Highlands,,Granitic gneiss enclosing a banded amphibolite,"Onstott, T. C., & Peacock, M. W. (1987). Argon retentivity of hornblendes: A field experiment in a slowly cooled metamorphic terrane. Geochimica et Cosmochimica Acta, 51(11), 2891-2903.",,,Append existing compiled record omitted from summary
Palmer1979a.csv,SP-25,911.0,11.0,11.0,K/Ar,Direct,"Whole Rock; conventional K-Ar whole-rock isochron (York 1969 fit, ~9-10 samples), not an age of sample SP-25 alone (SP-25 K-Ar = 1130 Ma, rejected by authors); sigma of ±11 not stated",Whole Rock,Ar Furnace-Fusion,,Grenville Province,ON,44.95,-77.75,"Umfraville, 20 km south of Bancroft, Ontario","Central Metasedimentary Belt, Bancroft Terrane",,,"Palmer, H. C., Hayatsu, A., Waboso, C. E., & Pullan, S. (1979). A paleomagnetic and K–Ar study of the Umfraville Gabbro, Ontario. Canadian Journal of Earth Sciences, 16(3), 459-471.",,,Append existing compiled record omitted from summary
Park1983a.csv,EC7535,964.0,21.0,27.0,Ar/Ar,Direct,,Biotite,Ar Furnace-Step,,Grenville Province,NL,53.7,-59.0,Mealy dikes,Mealy Mountains,,,"Park, J. K., & Emslie, R. F. (1983). Paleomagnetic history of the Mealy dykes of Labrador, Canada. Canadian Journal of Earth Sciences, 20(12), 1818-1833.",,,Append existing compiled record omitted from summary
Park1983a.csv,EC7505,955.0,21.0,27.0,Ar/Ar,Direct,,Biotite,Ar Furnace-Step,,Grenville Province,NL,53.7,-59.0,Mealy dikes,Mealy Mountains,,,"Park, J. K., & Emslie, R. F. (1983). Paleomagnetic history of the Mealy dykes of Labrador, Canada. Canadian Journal of Earth Sciences, 20(12), 1818-1833.",,,Append existing compiled record omitted from summary
Reynolds1978a.csv,K2-3B,911.6,27.0,27.0,Ar/Ar,Cooling,recalculated,Whole Rock,Ar Furnace-Step,,Grenville Province,ON,44.3,-76.0,,"Cenrtal Metasedimentary Belt, Frontenac Terrane",Plutonic,diabase,"Reynolds, P. H., Olojo, E. O., Stukas, V. J., & Clay, W. (1978). 40Ar/39Ar dating of dikes from the Frontenac Axis and implications for Grenville paleomagnetism. Canadian Journal of Earth Sciences, 15(11), 1826-1832.",,,Hold conflicting/rounded representation of existing result; no duplicate added
Reynolds1978a.csv,K3-4B,871.8,46.8,46.8,Ar/Ar,Cooling,recalculated,Whole Rock,Ar Furnace-Step,,Grenville Province,ON,44.3,-76.0,,"Cenrtal Metasedimentary Belt, Frontenac Terrane",Plutonic,diabase,"Reynolds, P. H., Olojo, E. O., Stukas, V. J., & Clay, W. (1978). 40Ar/39Ar dating of dikes from the Frontenac Axis and implications for Grenville paleomagnetism. Canadian Journal of Earth Sciences, 15(11), 1826-1832.",,,Hold conflicting/rounded representation of existing result; no duplicate added
Reynolds1978a.csv,K4-4A,909.8,23.1,23.1,Ar/Ar,Cooling,recalculated,Whole Rock,Ar Furnace-Step,,Grenville Province,ON,44.3,-76.0,,"Cenrtal Metasedimentary Belt, Frontenac Terrane",Plutonic,diabase,"Reynolds, P. H., Olojo, E. O., Stukas, V. J., & Clay, W. (1978). 40Ar/39Ar dating of dikes from the Frontenac Axis and implications for Grenville paleomagnetism. Canadian Journal of Earth Sciences, 15(11), 1826-1832.",,,Hold conflicting/rounded representation of existing result; no duplicate added
Reynolds1978a.csv,K5-2B,871.0,49.9,49.9,Ar/Ar,Cooling,recalculated,Whole Rock,Ar Furnace-Step,,Grenville Province,ON,44.3,-76.0,,"Cenrtal Metasedimentary Belt, Frontenac Terrane",Plutonic,diabase,"Reynolds, P. H., Olojo, E. O., Stukas, V. J., & Clay, W. (1978). 40Ar/39Ar dating of dikes from the Frontenac Axis and implications for Grenville paleomagnetism. Canadian Journal of Earth Sciences, 15(11), 1826-1832.",,,Hold conflicting/rounded representation of existing result; no duplicate added
Reynolds1978a.csv,K6-1,885.8,29.3,29.3,Ar/Ar,Cooling,recalculated,Whole Rock,Ar Furnace-Step,,Grenville Province,ON,44.3,-76.0,,"Cenrtal Metasedimentary Belt, Frontenac Terrane",Plutonic,diabase,"Reynolds, P. H., Olojo, E. O., Stukas, V. J., & Clay, W. (1978). 40Ar/39Ar dating of dikes from the Frontenac Axis and implications for Grenville paleomagnetism. Canadian Journal of Earth Sciences, 15(11), 1826-1832.",,,Hold conflicting/rounded representation of existing result; no duplicate added
Reynolds1978a.csv,WF9-2A,904.4,19.9,19.9,Ar/Ar,Cooling,recalculated,Whole Rock,Ar Furnace-Step,,Grenville Province,ON,44.3,-76.0,,"Cenrtal Metasedimentary Belt, Frontenac Terrane",Plutonic,diabase,"Reynolds, P. H., Olojo, E. O., Stukas, V. J., & Clay, W. (1978). 40Ar/39Ar dating of dikes from the Frontenac Axis and implications for Grenville paleomagnetism. Canadian Journal of Earth Sciences, 15(11), 1826-1832.",,,Hold conflicting/rounded representation of existing result; no duplicate added
Smye2018a.csv,GB119C,899.03,9.44,9.44,U/Pb,Cooling,,Rutile,LA-ICP-MS,weighted mean,Grenville Province,ON,45.35,-80.35,Central Gneiss Belt,"Central Gneiss Belt, Shawanaga Domain",mafic granulites,"strongly foliated mafic pod, variably retrogressed contacts with surrounding migmatitic granitic orthogneiss","Smye, A. J., Marsh, J. H., Vermeesch, P., Garber, J. M., & Stockli, D. F. (2018). Applications and limitations of U-Pb thermochronology to middle and lower crustal thermal histories. Chemical Geology, 494, 1-18.",,,Hold conflicting/rounded representation of existing result; no duplicate added
Smye2018a.csv,GB132A,927.98,14.48,14.48,U/Pb,Cooling,,Rutile,LA-ICP-MS,weighted mean,Grenville Province,ON,45.91,-80.01,Central Gneiss Belt,"Central Gneiss Belt, Shawanaga Domain",mafic granulites,"strongly foliated mafic pod, variably retrogressed contacts with surrounding migmatitic granitic orthogneiss","Smye, A. J., Marsh, J. H., Vermeesch, P., Garber, J. M., & Stockli, D. F. (2018). Applications and limitations of U-Pb thermochronology to middle and lower crustal thermal histories. Chemical Geology, 494, 1-18.",,,Hold conflicting/rounded representation of existing result; no duplicate added
Streepey2002a.csv,GV152,715.8,1.5,1.5,Ar/Ar,Total Gas Age,,K-Feldspar,Ar Furnace-Step,,Grenville Province,,45.0,-77.0,,Central Metasedimentary Belt; Frontenac Terrane,,,"Streepey, M. M., Hall, C. M., & Van Der Pluijm, B. A. (2002). The 40Ar‐39Ar laser analysis of K‐feldspar: Constraints on the uplift history of the Grenville Province in Ontario and New York. Journal of Geophysical Research: Solid Earth, 107(B11), ECV-12.",,,Append existing compiled record omitted from summary
Streepey2002a.csv,DG596-46,721.0,0.98,0.98,Ar/Ar,Total Gas Age,,K-Feldspar,Ar Furnace-Step,,Grenville Province,,45.0,-77.0,,Adirondack Highlands,,,"Streepey, M. M., Hall, C. M., & Van Der Pluijm, B. A. (2002). The 40Ar‐39Ar laser analysis of K‐feldspar: Constraints on the uplift history of the Grenville Province in Ontario and New York. Journal of Geophysical Research: Solid Earth, 107(B11), ECV-12.",,,Append existing compiled record omitted from summary
Streepey2002a.csv,115,789.8,1.6,1.6,Ar/Ar,Total Gas Age,,K-Feldspar,Ar Furnace-Step,,Grenville Province,,45.0,-77.0,,Central Metasedimentary Belt; Elzevir Terrane,,,"Streepey, M. M., Hall, C. M., & Van Der Pluijm, B. A. (2002). The 40Ar‐39Ar laser analysis of K‐feldspar: Constraints on the uplift history of the Grenville Province in Ontario and New York. Journal of Geophysical Research: Solid Earth, 107(B11), ECV-12.",,,Append existing compiled record omitted from summary
Streepey2002a.csv,115,758.8,1.3,1.3,Ar/Ar,Total Gas Age,,K-Feldspar,Ar Laser_Step,,Grenville Province,,45.0,-77.0,,Central Metasedimentary Belt; Elzevir Terrane,,,"Streepey, M. M., Hall, C. M., & Van Der Pluijm, B. A. (2002). The 40Ar‐39Ar laser analysis of K‐feldspar: Constraints on the uplift history of the Grenville Province in Ontario and New York. Journal of Geophysical Research: Solid Earth, 107(B11), ECV-12.",,,Append existing compiled record omitted from summary
Streepey2002a.csv,RL9824,704.2,1.3,1.3,Ar/Ar,Total Gas Age,,K-Feldspar,Ar Laser_Step,,Grenville Province,,45.0,-77.0,,Central Metasedimentary Belt; Elzevir Terrane,,,"Streepey, M. M., Hall, C. M., & Van Der Pluijm, B. A. (2002). The 40Ar‐39Ar laser analysis of K‐feldspar: Constraints on the uplift history of the Grenville Province in Ontario and New York. Journal of Geophysical Research: Solid Earth, 107(B11), ECV-12.",,,Append existing compiled record omitted from summary
Streepey2002a.csv,SL9823,813.3,1.8,1.8,Ar/Ar,Total Gas Age,,K-Feldspar,Ar Laser_Step,,Grenville Province,,45.0,-77.0,,Central Metasedimentary Belt; Sharbot Lake Terrane,,,"Streepey, M. M., Hall, C. M., & Van Der Pluijm, B. A. (2002). The 40Ar‐39Ar laser analysis of K‐feldspar: Constraints on the uplift history of the Grenville Province in Ontario and New York. Journal of Geophysical Research: Solid Earth, 107(B11), ECV-12.",,,Append existing compiled record omitted from summary
