site,dir_dec,dir_inc,dir_alpha95,dir_n_samples,lat,lon,dir_k,vgp_lat,vgp_lon,dir_comp_name
48,358,-73,,,46.25,-78.18,,,,AR
49,317,-52,,,46.25,-78.18,,,,AR
31,294,-73,,,46.25,-78.18,,,,AR
69,352,-72,,,46.25,-78.18,,,,AR
70,327,-74,,,46.25,-78.18,,,,AR
32,311,-70,,,46.25,-78.18,,,,AR
33,300,-71,,,46.25,-78.18,,,,AR
50,285,-68,,,46.25,-78.18,,,,AR
51,300,-63,,,46.25,-78.18,,,,AR
52,306,-85,,,46.25,-78.18,,,,AR
53,250,-78,,,46.25,-78.18,,,,AR
54,319,-67,,,46.25,-78.18,,,,AR
55,331,-67,,,46.25,-78.18,,,,AR
34,324,-77,,,46.25,-78.18,,,,AR
35,307,-74,,,46.25,-78.18,,,,AR
58,330,-64,,,46.25,-78.18,,,,AR
59,297,-64,,,46.25,-78.18,,,,AR
41,325,-76,,,46.25,-78.18,,,,AR
60,306,-58,,,46.25,-78.18,,,,AR
61,325,-79,,,46.25,-78.18,,,,AR
42,333,-75,,,46.25,-78.18,,,,AR
62,359,-63,,,46.25,-78.18,,,,AR
63,288,-67,,,46.25,-78.18,,,,AR
65,304,-74,,,46.25,-78.18,,,,AR
66,322,-80,,,46.25,-78.18,,,,AR
68,293,-71,,,46.25,-78.18,,,,AR
44,282,-75,,,46.25,-78.18,,,,AR
45,288,-73,,,46.25,-78.18,,,,AR
46,297,-74,,,46.25,-78.18,,,,AR
47,319,-72,,,46.25,-78.18,,,,AR